texture,source_dimensions,source_used_colors,importance,detail_coverage_percent,old_dimensions,new_dimensions,old_used_colors,new_used_colors,palette_slots,encoded_bytes,old_ssim,new_ssim,old_loss,new_loss,old_feature_loss,new_feature_loss
rc_dou,"[128, 128]",256,1.6914953021212082,7.3961499493414395,64x32,64x32,11,11,16,1296,0.870542306412651,0.870542306412651,0.18825999242125704,0.18825999242125704,0.15362998230926536,0.15362998230926536
rc_kat_l,"[128, 128]",256,2.836680341540463,54.38898450946644,64x32,64x64,15,16,16,2320,0.6468309640769455,0.8263064991793904,0.27940026997314793,0.1847033839871796,0.21555930817085064,0.1465612553912086
rc_ude,"[128, 64]",255,1.2002730920194549,0.5248335893497184,32x32,32x32,8,8,16,784,0.8749271440145511,0.8749271440145511,0.22116823051505027,0.22116823051505027,0.374680685705993,0.374680685705993
rc_kat_r,"[128, 128]",255,1.293159463199654,5.951522146876353,64x32,32x32,11,16,16,784,0.884409253129237,0.9159323690570664,0.1871758543870069,0.19488423633234367,0.14680763755190523,0.27071603508761194
rc_handa,"[64, 64]",255,1.3866281029415244,19.8158379373849,64x32,32x32,12,16,16,784,0.8594291731163449,0.9351192602784951,0.1535050210833968,0.1155546956714329,0.05941715173744888,0.07999542423842534
rc_handb,"[64, 64]",256,1.2812182412205089,21.678571428571427,64x32,32x32,12,16,16,784,0.8642497516916101,0.9468330644536377,0.15438017372778734,0.09705642119711837,0.04743554886626672,0.04275999228377837
rc_momo,"[128, 128]",256,1.574569381384834,0.5939564926869108,64x32,64x32,16,16,16,1296,0.8798021982376055,0.8798021982376055,0.17772338890995723,0.17772338890995723,0.18657747231649258,0.18657747231649258
rc_pan1,"[128, 64]",16,2.8154247719088596,44.49467226348079,32x32,128x64,15,16,16,4368,0.6218421807579924,1.0,0.24076403362675175,0.0,0.10228762173527217,0.0
rc_pan2,"[128, 64]",16,3.156130113192845,50.3126776577601,32x32,64x32,15,16,16,1296,0.6275050000181843,0.8004822222730572,0.2511987354058639,0.18317705155088515,0.1358727063681714,0.0866857039152928
rc_kutu1,"[32, 64]",250,2.7271123965251474,59.91352686843731,32x32,32x64,14,16,16,1296,0.7908843252376068,0.951228281640449,0.15387480891256228,0.055552464854964914,0.030108828793436074,0.008233728677631912
rc_kutu2,"[64, 64]",256,3.1672349140335805,37.424698795180724,64x32,32x32,16,16,16,784,0.7057699935438847,0.7997114370027706,0.2182647917205438,0.1827717308971239,0.037658550969408115,0.10922684180248111
rc_kutu4,"[32, 64]",249,2.079199072824632,39.45273631840796,32x32,16x32,15,16,16,784,0.7683730424842764,0.823330858676087,0.18546431050877887,0.16922903558834704,0.0734711598147634,0.08008846534016544
rc_hiza,"[64, 128]",256,4.034672601862231,54.19921875,32x32,32x64,14,16,16,1296,0.514382187721899,0.8021253782052603,0.33170442064499583,0.18363540061709363,0.3203261342887882,0.1161633950900966
rc_kutu3,"[32, 32]",16,1.0988170479463435,11.633986928104575,32x16,8x8,6,16,16,400,0.9055093300894077,0.9577672831667375,0.13039314997955337,0.1061893071920363,0.012454614288762532,0.12277563531129379
rock_face_y,"[256, 256]",256,1.3663849044685474,8.631455966481347,128x64,64x64,20,256,256,5328,0.8506094162982302,0.9108958598361029,0.21231125989967542,0.20812241686488703,0.1461606544232951,0.2978180925447368
rock_eye_y,"[32, 32]",242,1.3422730092510233,26.746987951807228,32x16,32x32,15,16,16,784,0.8993717977204616,0.9247013542243034,0.12814439873418473,0.06641684266879214,0.013206120069071466,0.0005229392224969336
rc_kuti,"[8, 8]",1,0.5158391211117901,0.0,32x8,8x8,1,1,16,400,1.0,1.0,0.0,0.0,0.0,0.0
rc_ha,"[32, 16]",240,2.378530697089908,74.609375,32x8,32x16,15,15,16,528,0.8791128103361204,0.9841114443237601,0.12687779441441796,0.04591230663721579,0.0035844737778600922,0.004918520110344727
pat,"[64, 32]",16,1.4878059233789518,15.087890625,32x32,32x16,5,16,16,528,0.8384789404798269,0.9571055728172269,0.14704808343413006,0.08545882386271585,0.014150522875827161,0.0518337474409217
